rifd_ppl,ifd_ppl,instruction,output
1.289948379970987,1.0857508842272747,我家孩子一出生就患有乙肝，非常难过，开始我并没有乙肝啊，到底是什么原因啊，乙肝的传播途径主要有哪些啊。乙肝的传播途径主要有哪些？,乙肝病毒可以通过性传染，接吻等途径传播。在家庭中，如果一方是乙肝患者或乙肝病毒携带者，另一方应该接种乙肝疫苗并采取预防措施。乙肝病毒不会通过共用餐具、母乳喂养、拥抱、握手、咳嗽、喷嚏或在公共游泳池玩耍等途径传播。
1.2852642458107122,1.0530119398180149,嘴巴里有口腔溃疡要吃什么好，要怎么办呢？:需要医生帮助提供远程诊断：嘴巴里有口腔溃疡要吃什么好？,口腔溃疡一般需要一周左右才能愈合的。指导意见建议你在溃疡处喷锡类散或西瓜霜。吃点泼尼松，一日三次，一次一片，吃三天停，疼痛很快就会缓解的。此外，还可以使用口腔溃疡贴、口腔溃疡喷雾、口腔溃疡漱口液等。建议患者在医生的指导下进行治疗。
1.0461444086812242,1.0486775881094768,男性为什么会患上前列腺炎我35岁，被诊断患上了前列腺炎，我想咨询一下专家男性为什么会患上前列腺炎？男性为什么会患上前列腺炎？前列腺炎好治吗？应该如何治疗才好？,前列腺炎是由尿路感染直接蔓延或身体其他部位的感染灶血行播散引起的，还有一些因素也可能引起前列腺炎，如过度饮酒，性刺激久坐，衣物过紧和会阴损伤等。临床表现为排尿异常，尿道分泌物，精神衰弱，疼痛等等。如果不及时治疗可能会引起前列腺癌，性功能障碍，不育等症状。建议及时到正规专科医院查明病因，针对性治疗。
0.9589682536459553,1.0355146066537813,最近感觉下体瘙痒，不舒服，去医院检查发现得了霉菌性外阴炎，应该怎么办呢？,霉菌性外阴炎是由霉菌感染引起的疾病，需要注意个人卫生，避免交叉感染。平时要注意饮食，但要避免吃含糖量高的食物。穿着方面，不要穿化纤内衣，不要借用其他内衣，内衣和泳装要清洗干净。同时要养成良好的卫生习惯，每天清洗外阴，换内衣，放在通风处晾干，自己的盆，毛巾自己特别。
1.252575317039513,1.0253684576930806,我头发天天掉！用手梳一下就掉五六跟，洗头也掉好多！反正就是天天掉！以前用药水弄过头发，而且我的头发长得好慢！请问有什么好办法治好么？,脱发可能与遗传有关，但也可能与生活习惯有关。改善生活习惯可能有助于减缓脱发的速度。建议您保持良好的生活习惯，例如早睡早起，不要吃刺激性的食物，不要抽烟等。此外，您可以咨询专业医生，了解更多治疗脱发的方法。
0.958830113234109,1.0243945272068582,我有乙肝小三阳最近有点不舒服我担心是肝功能异常的表现想了解下肝功能异常的临床表现都有哪些。我有乙肝小三阳最近有点不舒服我担心是肝功能异常的表现想了解下肝功能异常的临床表现都有哪些（）,"肝功能异常的表现主要有食欲减退、厌油腻、恶心呕吐、腹泄或便秘等症状。肝功能异常往往伴有肝细胞损害致血清转氨酶等酶类增高而胆碱脂酶降低可致乏力易倦思睡等肝功能不正常的表现。
建议您注意休息避免劳累防止感冒等可以到当地做下肝功能检查结合详细的检查结果后详细分析针对性的治疗祝早日康复!"
2.114967078856226,1.0238076523881912,了，我找中医开了几付中药吃没效果。想得到怎样的帮助:谢谢医生帮帮我，怎样去治疗和预防。,您好，根据您的描述，您可能是因为过敏导致的症状。建议您去医院进行过敏原检测，以确定过敏原并避免接触。同时，可以适当补充钙和维生素C进行治疗。如果症状较严重，可以在医生的指导下配合盐酸西替利嗪片进行调理。希望对您有所帮助。
0.9203715729542836,1.0109885756971109,宝宝两个月了，本来奶水就不够，这两天好像又少了，好怕没奶了。虽然宝宝能吃奶粉，但我想尽量是母乳喂养。请问哪些食物会影响乳汁分泌？急…非常感谢,哺乳期需要多喝汤、多喝水，可以喝汁、牛奶等营养品，比平时多吃一两餐，如猪脚花生汤、鱼汤、排骨汤等各类汤品，即可促进乳汁分泌，效果良好。哺乳期需要避免摄取某些会影响乳汁分泌的食物或个人的一些特殊嗜好，如韭菜、麦芽水、人参等食物，辛辣的调味料、辣椒、酒、咖啡及香烟等。少量的酒可促进乳汁分泌，但过量时，则会抑制乳汁分泌，也会影响子宫收缩，故应酌量少饮或不饮。咖啡会使人体的中枢神经兴奋，应有所节制地饮用或停饮。油炸食物也需要避免。
1.1026449660549975,1.009434771763317,我最近自己觉得月经很不正常，有时比正常来的时侯要晚一个多星期。昨晚选腹部突然异常疼痛，痛得我直冒冷汗，脸色苍白。后来家人看看我的样子实在可怕，就送我去看急诊，结果查下来是宫外孕。，宫外孕怎么办？,宫外孕是一种严重的妇科疾病，常见于输卵管内受孕，如果造成破裂，后果非常严重，容易大出血，有生命危险。主要症状是HCG阳性，有出血、腹痛，但B超下宫腔内未见孕囊。如果发现这种情况，应该尽快到医院就诊，必要时需要手术。
1.1841364629567,1.004397325147595,前不久查出患有肾结石，查出后接受医生治疗。现在已经差不多好了，在家调养，听一个亲戚说这病容易复发，平时生活上要注意，平时饮食方面应该注意什么呢？肾结石饮食上的注意事项有哪些？,肾结石的形成与饮食有很大关系，应该注意饮食调理，多饮水、多运动，这对结石的排出有很大帮助。应限制肉类的摄入量，特别是动物内脏;肾结石在治疗期间应该注意少吃牛肉、羊肉;少吃富含维生素C类的食品，因为维生素C在体内的代谢过程中会生成草酸，从而促进结石的形成。少吃食盐和含有草酸盐的蔬菜。
1.171007465549441,1.003558251617957,我姑父半年前查出得了直肠癌，刚做了手术，人都消瘦了很多，正在休养阶段，家人想给姑父更好的帮助，但是没有这方面的知识，所以想问一下，直肠癌手术后吃什么对身体好？,手术后的患者需要多吃富含营养的食物，以补充身体所需的能量和营养，同时多吃应季的水果和新鲜的蔬菜，以补充身体所需的维生素和微量元素。此外，患者需要加强蛋白质的摄入，可以食用一些物蛋白和肉类蛋白。需要避免食用垃圾食品，以免诱发体内的癌细胞，加重癌症的病情。
1.1224638768448003,1.0035346114456316,我年轻的时候就因为生活不规律得了胃病我也没怎么当回事只要以后注意生活规律就不会有太大的问题可是最近这段时间胃又开始很疼去医院检查了医生说我是胃癌早期。胃癌早期不能吃什么？,胃癌早期的治疗应以中医中药辨证论治、扶正祛邪的保守治疗为主，适合手术的癌症患者可以选择手术治疗，但患者在术后必须要调以中药扶正祛邪，因中药能清除余毒而治本，很快就能恢复体力。如需要放疗、化疗的癌症患者每日必须加服中药，可以使用绿色化疗药如榄香烯口服乳因其既能减毒增效又能扶正固本，可安全度过危险期，规范地完成放化疗程。
1.1236818937934439,1.0017098661969328,我有痔疮，还有很严重的便秘，平时即使喝水比较多也没什么缓解，昨天上厕所不但有便血的情况，而且有感觉肛门撕裂了一样，我这是不是肛裂啊，得了肛裂又该如何治疗好呢。肛裂该怎么进行治疗啊？,肛裂的治疗原则是急性肛裂以保守疗法为主，慢性肛裂或者Ⅲ期肛裂需要手术治疗。可以采用大肠水疗来改善治疗肛裂，并且要养成一个好的生活习惯，定时排便，注意运动，吃些粗纤维食物，预防继发的感染。
1.2307347264540929,1.0009513295308674,最近总是感觉自己头晕晕的，有些难受，之后感觉食欲也不是很好，去医院做了身体检查才知道患有高血压，这应该怎么解决？,患有高血压的人需要注意饮食的合理安排，避免暴饮暴食，多吃含有纤维素和维生素的食物，同时也要多吃一些清淡的食物，多吃一些含有丰富蛋白质的豆制品，或者瘦肉和粥类的食物，同时也要保持体内水分的平衡，要控制饮食中胆固醇的摄入量，要做好戒烟戒酒，注意经常地进行身体锻炼。
1.2823125283671717,0.9980151764955578,最近这段期间，不知道是怎么回事反正感觉肚子非常疼痛去医院检查以后医生说我得的是肾结石，请问得了这种病以后不能吃什么食物呢？,患有肾结石的患者应该避免食用一些含有草酸的食物，比如葡萄、无花果干、核果等。此外，还应该避免食用高蛋白、高盐、高糖、高脂肪的食物，如肥肉、动物内脏、油炸食品、辛辣食品等。建议患者多喝水，多吃蔬菜、水果、粗粮等富含纤维素的食物，有助于促进肾结石的排出。但是，具体的饮食调理还需要根据患者的具体情况来制定，建议患者在医生的指导下进行饮食调理。
1.1815396876615283,0.9965829360396349,我半年前开始感到腰有些痛，开始没什么注意，可以慢慢发展的越来越厉害，现在腰都不能正常站立了，去医院检查，说这是椎间盘突出，已经压倒神经线。想提问一下，这种病应该怎样去处理好呢？,腰椎间盘突出的原因，多数是由于长期的不合理姿势所导致。最初的表现只是姿势不正弯腰驼背，局部的过度受力，时间久了会造成软组织的慢性损伤，形成腰肌劳损等慢性腰痛。腰椎间盘突出的保守治疗方法，目前公认效果最好的是倒走。建议患者在医生的指导下进行治疗，同时注意保持良好的姿势，避免长时间保持同一姿势，适当进行体育锻炼，增强腰部肌肉力量，预防腰椎间盘突出的发生。
1.1199249129005013,0.9878037747400824,之前大姨妈总是不正常有的时候量挺多的所以身体也变得有点差后来就干脆去看了一下医生发现有子宫肌瘤医生说摘除就行就怕以后会再长。子宫肌瘤摘除后还会再长吗？,子宫肌瘤切除手术后是否会再次生长与治疗方式有很大的关系，如果在手术时没有将肌瘤完全切除，那么过一段时间是会再次生长的。因此，治疗子宫肌瘤一定要选择一家好的正规医院，确保手术彻底清除肌瘤。
1.2451074744154706,0.9826958947403719,我自从得了重症肌无力的毛病后，就一直饱受疾病的折磨，现在我都已经生活无法自理了，我想了解一下重症肌无力有什么方法治疗吗？重症肌无力的治疗方法有哪些？,重症肌无力是一种目前没有根治方法的疾病，只能通过药物来减轻症状，其发展的速度本身并无法控制。 常用的药物是新斯的明或者溴比斯地明。但是随着使用，然后药效会慢慢的减退，一直到最后就无效了。目前治疗除了药物缓解症状之外，还可以使用血浆置换的方法，可以使血浆内的那些抗胆碱脂酶抗体给过滤掉，从而缓解症状。另外，有这种疾病的人大多数都有胸腺瘤，把胸腺切除掉也是缓解这种疾病的方法。
1.1939337527855078,0.9615570871251302,我前一段时间感觉不舒服，就去医院检查了一下，结果是宫颈炎，但是总是感觉很疼，从没有听说过宫颈炎会痛啊，这是怎么回事，想问一下宫颈炎疼痛正常吗？,宫颈炎的症状主要是白带异常、异味，甚至带脓或白色粘液的血丝白带，而疼痛不是宫颈炎的常见症状。如果出现小腹胀痛、腰骶痛和痛经等症状，可能是宫颈炎炎症逐渐发展的表现。宫颈炎对女性非常有害，如果不及时治疗，可能会发展成中度或重度宫颈炎，造成不孕的严重后果。
1.2352029743436221,0.9587537669830439,生完孩子之后，胸部一度变大，特别是哺乳阶段，断奶之后乳房就开始变得干瘪了，最近竟然发现开始下垂了，真是好着急啊乳房下垂有什么治疗办法吗？,乳房下垂是一种常见的问题，多见于多胎经产妇或哺乳时间较长的女性，也见于突然消瘦者。乳房下垂需要手术治疗，轻中度下垂可以采用乳晕切口，并在切口上方切除一新月形皮肤皮下组织缝合上提乳头乳晕的方法；或按重度下垂治疗处理；重度下垂多采用乳房缩小的术式，主要包括三个基本步骤：①升高乳头乳晕；②腺体塑形；③缩小皮肤外罩。埋没导引缝合针可以实现在不宜或不能做皮肤切口的部位，通过小切口实现其缝合组织与深部组织的悬吊固定，特别适合于轻重度乳房下垂的治疗。
1.0637037168866625,0.9481882283834754,尖锐湿疣疾病该怎么预防复发一个月前就在治疗这个病，都已经有一个月的时间了，病情一直都是反反复复的，请问尖锐湿疣疾病该怎么预防复发？尖锐湿疣疾病该怎么预防复发,尖锐湿疣的预防复发工作主要包括以下三个方面：1、尖锐湿疣患者在治疗后，不要过早的恢复性生活，需要杜绝性生活，并且在此时性伴侣，也需要到医院做详细的检查，以便及时的排除性伴侣，被感染尖锐湿疣的可能，以免出现尖锐湿疣患者，在治疗后进行性生活时，出现交叉感染的情况。2、尖锐湿疣患者在治疗以后，需要保持个人卫生清洁，对局部损害的护理，应该随时注意保持清洁和干燥，以免再次感染尖锐湿疣疾病。3、尖锐湿疣患者在治疗以后，需要注意预防感冒、受凉、劳累等等，避免身体免疫力下降，进而引起病菌的再次感染，容易导致尖锐湿疣的复发。
1.0318394445535135,0.9449167360058359,患有甲亢眼皮浮肿怎么办？得上甲亢不久眼睛就开始突出了，眼皮轻微浮肿，该如何治患有甲亢眼皮浮肿怎么办？,甲亢是一种甲状腺功能亢进的疾病，突眼是甲亢最常见的并发症之一，治疗突眼是比较困难的。目前药物治疗突眼的目的是减轻症状，并希望能降低突眼程度，但仍无明确的药物能有长期理想的疗效。建议患者及时就医，接受专业医生的治疗。
0.979948858607726,0.9375197050159542,我前一阵子因患有较严重的痔疮，月前选择做了痔疮手术，现在术后一直出现便秘的情况，很是让我苦恼、烦躁，想来咨询一下，做了痔疮手术后便秘正常吗？,手术后便秘是正常的情况，需要注意饮食和按摩腹部促进胃肠蠕动及消化，同时口服一些治疗便秘的药物。建议少吃辛辣刺激性的食物，多吃一些新鲜的水果及蔬菜，防止大便干燥。
1.065819083865959,0.9371907286928622,我是外地的，女儿10岁，双眼0.3，看电脑较多，坐姿不端正，去年暑假检查双眼1.0，没怎么管制看电脑，前些天视力检查双眼0.3，下降太多不知怎么办。怎么治疗近视或减缓，谢谢。,建议女儿戴眼镜，避免度数增长。如果度数增长严重，可以考虑分子激光手术治疗。此外，日常生活中要注意科学用眼，保护视力，如连续近距离用眼一小时左右要休息或远眺片刻，以缓解眼睛疲劳。还要养成良好的用眼卫生习惯。
0.982751207755018,0.9354950596074464,做检查的时候发现自己有无精症的疾病，请问治疗男性无精症可以用什么方法来治疗，现在想了解一下无精症可以怎么治？,男性无精症分为先天性、梗阻性、炎症性三种类型，不同类型的无精症采取的治疗方法也不同。如果是先天性的无精症，治疗的意义不是很大，这先要取决于患者睾丸的生精细胞，如果有的话是可以通过治疗达到自然受孕的。建议来专科不孕不育医院进行科学诊治。祝你健康！
1.1290117456213518,0.9312490624223168,我的宝宝三岁半，这些天一直的咳嗽，我很担心，带宝宝去医院打针输液什么的都没有好，所以想给宝宝喝点糖浆之类的东西，请问小儿止咳糖浆有哪些呢,小儿感冒咳嗽主要是由于气管有炎症引起的，需要同时使用抗生素和止咳糖浆来治疗。益佰是一种不错的小儿止咳糖浆，可以考虑使用。但是，建议在使用之前先咨询医生的意见，以确保安全和有效性。同时，注意观察宝宝的病情变化，如果症状加重或持续不改善，应及时就医。
0.9974010484142801,0.9309227465388322,现在宝宝2个多月了，反复起湿疹，有的发红，有的地方有黄疤并起皮，痒的宝宝直用手挠，请问大家有什么办法止痒并预防再起？谢谢！,宝宝湿疹是一种常见的皮肤病，需要注意保湿和避免刺激。可以使用金银花水洗或紫草油涂抹来缓解症状。如果症状严重，可以使用弱激素药物，但需要逐渐减少使用，并结合中药巩固治疗。同时，还有一些其他的药物和保湿霜可以使用。例如尤卓尔（弱激素药），老鹳草软膏（中药无激素），炉甘石洗剂（主要是拔干的，适用于流水的湿疹），百多邦（用于皮肤流水时，预防皮肤感染的）爱宁达（比较贵，用于宝宝湿疹，无激素），雅漾三重修复特润霜（主要是保湿）这些都是可以使用的。
1.1627067980961163,0.9291231702676984,我从生下来左脸颊上面就有一块较大的明显的胎记，而且随着长大，明显感觉到胎记跟扩散了一样，眼睛周围遍布了胎记，从小就很自卑，人家都会嘲笑我。想做问医生祛除胎记的方法。,建议患者联系医生，医生会根据患者详细病情，为患者量身制作治疗方案，包括激光治疗、手术切除等方法。祝您早日康复。
1.18071588227975,0.928281063345173,年轻的乳腺癌患者会有哪些表现？年轻的乳腺癌患者会有的症状表现都有什么？咨询有关的专家哪些是患上了乳腺癌之后会出现的症状表现？,青年乳腺癌患者的主要症状是乳房肿块，这是最常见的症状。乳房肿块常常位于乳房的上象限，边界不清、表现不平、质硬，相对活动度差。此外，乳房肿物也可有与肤或胸大肌粘连，呈浸润的表现。青年乳腺癌患者的乳头溢液主要为血性溢液和浆液性溢液。但由于青年女性正处于妊娠及哺乳期，常会由于生理性乳头溢液而使乳腺癌引起的乳头溢液被忽视。如果青年女性发现乳头溢液伴有出血性，且固定于单一乳管的血性溢液时，应尤其警惕乳腺癌的可能。
1.2828116221044725,0.9165923021667854,从一次体检中检查出有患肝病的症状，于是去了很多大医院检查，被确诊得了小三阳，平时很注意饮食，不知道现在能不能吃鸡肉。想得到怎样的帮助:小三阳患者能吃鸡肉吗？,小三阳是乙肝病毒感染的一种表现形式，患者需要注意饮食，避免食用辛辣刺激的食物，以及海鲜、洋葱大蒜、韭菜、生姜、腊制品、卤制品、腌制品、油炸类食品等。此外，非必要的话，尽量不要应用有肝损害的药物，以免加重肝脏负担，平时可以多吃新鲜蔬菜水果等富含维生素类食物，蛋白以鱼类蛋白为最佳，平时注意休息。
1.0864467825214137,0.915870076129731,我女儿刚出生5天，医生今天检查说：黄疸偏高168？我想知道：黄疸多少算高？多少算正常？如何让黄疸降到正常范围？治疗黄疸有哪些方法？,黄疸是新生儿常见的病症，正常情况下，新生儿出生后1周血中胆红素水平可升至15-20 mg/dl，但重度黄疸（胆红素＞25-30）需要引起重视，因为它常是疾病的一种表现，应寻找病因。未结合胆红素浓度达到一定程度时，会通过血脑屏障损害脑细脑(常称核黄疸)，引起死亡或有脑性瘫痪、智能障碍等后遗症。治疗黄疸的方法包括：1.多喂奶，增加排便次数；2.让宝宝多晒太阳，每天晒太阳10-15分钟，注意避免中午时段；3.如果黄疸严重，需要进行光疗，即让宝宝裸露身体，暴露在特殊的蓝光下，每次光疗时间为2-3小时，每天进行1-2次，直到黄疸消退。
1.2767231336315252,0.9133508378719832,全部症状:主要症状为小腿起小红疙瘩，很痒。无其他明显伴随症状，平时有便秘，其他正常发病时间及原因:7月4号起开始发现症状，原因不明，之前去海边玩过。治疗情况:未经治疗，自己有外用药膏（湿疹用的），没有明显效果想要得到的帮助:想知道病因，和相应的方法,根据病人的症状描述，考虑是日光性皮炎，建议使用中药艾条薰或者是艾草泡洗，建议停用激素类药膏外涂，否则只会越治越差的，还有要注意外出时尽量少露皮肤。祝早日康复。
1.06981018995785,0.9125886697984805,我的一个同事经常的上厕所，肚子还有些痛，以为是肠炎，自己买了药吃，但是没有用，去检查后发现是患了直肠癌，直肠癌可以中西医结合治疗吗。想得到怎样的帮助:直肠癌可以中西医结合治疗吗？,"直肠癌可以中西医进行有机的结合,可以起到减毒增效的作用,综合治疗,取长补短,延长患者生存时间,改善癌症患者的生活质量方面可以取得了较好的效果。"
1.0603691100603587,0.9008101663536731,我患乙肝病好几年了，自从发病之后就一直在治疗，现在情况已经有些好转，身体比以前要好了，不知道我可不可以正常怀孕，会不会生健康的孩子呢！自己本身有乙肝大三阳，听说大三阳的传染性非常强，我现怀孕了，我要怎么让宝宝有个健康的身体啊。请问乙肝大三阳怎么防止传染？,怀孕的女性如果患有乙肝大三阳，需要在孕期的第7、8、9个月分别注射一支高价乙肝免疫球蛋白，以阻止孕妇宫内传播乙肝病毒给胎儿。待宝宝出生24小时内，再注射一支高效价乙肝免疫球蛋白，并打第1针乙肝疫苗，1个月后打第2针，6个月后打第3针，这样一般来说能够最大可能防止传染小孩。
1.5175682442969651,0.8947332141525922,腰杆经常疼痛，有时候半夜就疼得睡不着觉。疼起来痛的不行，时间有几年了。去过很多医院检查都说治不好。想得到的帮助：如何缓解疼痛,建议您去医院进行详细的检查，确定病因。如果是腰椎病，可以采用一些药物治疗，如活血化瘀的药物。此外，可以使用云南白药进行按摩，缓解疼痛。同时，也可以进行针灸、理疗等物理治疗，对症进行滋补治疗和调理。
1.1828286273597988,0.8913293504711262,我胳膊上和腿上的汗毛都比较多，以前用脱毛膏，但因为面积大，总是脱得不是很干净，而且不久慢慢又会长出来，听说激光脱毛后皮肤很光洁的，想去做激光，请问激光脱毛后效果可保持多久？激光脱毛效果可保持多久？,激光脱毛的效果因人而异，但一般情况下，激光脱毛效果很好，可以达到永久性脱毛的目的。
1.1061141698482175,0.8878751396091398,我家宝宝刚刚出生3天了，已经开始长黄疸了，这是第一胎所以很多东西都不懂，想问问一般宝宝长的黄疸多久能退完呢？,宝宝出生后会出现黄疸，黄疸的出现是因为宝宝体内的胆红素水平升高，而新生儿的肝脏还没有完全发育好，无法有效地将胆红素排出体外。黄疸的出现时间因个体差异而异，一般在出生后的第2-3天开始出现，第5-7天达到高峰，之后逐渐消退。如果是母乳性黄疸，可能持续3个月之久，停喂母乳可以解决。
1.0784585060226728,0.8878157316345279,我最近手腕处酸疼，尤其是骨头关节处疼的比较严重，受凉沾凉水之后会头痛加剧，后来发现手关节都红肿了，贴几贴膏药还是疼，去了医院就检查出了痛风了。想知道痛风平时怎么调理？患上痛风怎么做调理？,痛风的调理主要是通过控制尿酸水平来缓解症状和预防病情进展。多喝水可以增加尿量，促进尿酸的排泄，同时也可以稀释尿液，减少尿酸的沉积。此外，痛风患者应该注意饮食，避免高嘌呤食物的摄入，如动物内脏、海鲜、啤酒等。适当控制体重，避免过度劳累和受凉，也有助于缓解症状。在痛风病发时，可以采取冰敷，降低发热状态，同时取到很好的镇痛效果。
1.349478955677929,0.8847504423378187,前一段我总会时不时的感到头疼，检查后发现得了脑肿瘤，我这是不是做了脑肿瘤手术就会治愈啊，会不会留下什么后遗症想得到怎样的帮助:做脑肿瘤手术后能不能彻底治愈，有后遗症吗,手术是治疗脑肿瘤的主要方法之一，但手术后还需要配合中药治疗，以防止复发和转移。中药可以全面调理，改善增强体质，扶祛邪，补气养血，提高机体免疫力，防止癌细胞的复制和转移，延长患者生命，减少患者痛苦。其中，祁奥牌豆杉中药含有效药用成分多达40多种，包括紫杉醇、巴卡亭Ⅲ、生物碱、红豆杉多糖、紫杉黄酮等抗癌药物。手术后可能会留下一些后遗症，具体情况需要根据手术方式和个人情况而定，建议在手术前与医生详细沟通。
0.9922845277926259,0.8842245461281131,腰椎间盘突出多年，腰部天天疼痛难受，CT检查结果腰4/5和腰5/1突出，经过多种方式治疗都没有什么效果，特请教医生指导如何治疗。,腰椎间盘突出是一种常见的腰椎疾病，多数是由于长期姿势不良，或搬运重物，用力不当，造成腰椎退行性病变，压迫神经根，会有疼痛，等不适。治疗方法包括药物治疗、物理治疗、手术治疗等。建议患者到正规医院就诊，由专业医生根据具体情况制定个性化的治疗方案。
1.2751376864476633,0.8837100684923413,皮肤表面长了许多大小不一的白色斑点，特别是在手指关节处，不痛不痒，去医院诊断说是得了白斑，得了白斑在日常生活的的护理有什么想得到怎样的帮助:得了白斑应该怎样护理？,白斑是一种常见的皮肤病，通常是由于色素细胞的损失或破坏导致的。得了白斑后，应该注意保持皮肤清洁，避免刺激，保持皮肤湿润，避免暴晒等。此外，可以适当地通过一些白癜风丸、局部光疗法、黑色素的种植等方法进行调整，以缓解症状。但是，具体的治疗方法需要根据病情而定，建议在医生的指导下进行治疗。
1.1571657681908,0.8792531588102886,我的孩子在写作业的时候，就会出现手发抖，而且写字还有拿筷子夹菜的时候会比较严重了，越说他就会抖动的越严重，孩子现在是已经得了抽动症了，可以怎么缓解呀。抽动症有什么方法进行治疗么？,建议孩子到医院就诊，由医生进行全面的检查和诊断，确定抽动症的类型和程度，然后采用中西医结合的方法来治疗，包括中药汤剂、中成药、针灸、推拿、耳穴、经络疗法等，以控制症状的同时，改善患儿体质，祛除病因。
1.0973420731333896,0.8769672457561855,最近总是出现头痛的情况，因此去医院进行相关的检查，说是紧张性头痛，以内不知道相关的引起的原因，因此很担心，不知道该还怎么办，因此请问紧张性头痛怎么办？,紧张性头痛多采用对症治疗。可以采取相关的药物进行治疗。一般多以口服方式给药，并且短期应用，以免引起药物的毒副作用。心理治疗以及物理治疗对部分病人有一定疗效。同时需要注意休息，调整生活方式，减轻压力。
1.1774296254077836,0.8744575553606304,我最近头疼的严重，刚开始的时候并不在意，去医院检查，说患有脑膜瘤，非常吃惊，不知道是怎么得的，想了解一下怎么治疗，最好治疗的的这个手术大概需要我花多少钱呢？,治疗脑膜瘤的原则是以手术为主的配合放疗、化疗的综合治疗。不同地区、不同级别的医院，不同治疗方案具体费用不同。首先选择手术治疗，手术后需要配合放疗。脑瘤病人后期的放射治疗费用是不固定的。放疗是按聊城进行的，要根据每位病人的具体病因或身体素质都有直接的关系。只有合理的治疗才不会浪费太多的资金同时，也同时可以提高病人的治疗效果。
1.3085505892532217,0.8729907721451073,我的表叔，身体一直都很好，可是最近，突然就耳聋了，别人怎么在他面前说话，他都没有反应，我们特别的担心，想问一下，造成耳聋的原因有哪些。造成耳聋的原因有哪些？,耳聋有很多种原因，包括神经性耳聋、感音性耳聋、药物性耳聋、遗传性耳聋等。中医认为肾虚也是一种常见的原因。建议到医院耳鼻喉科检查，明确是什么原因引起的情况，然后根据医生的建议进行治疗。
1.2706964865238712,0.8725194527793317,前几天我刚做完直肠癌手术，把直肠、肛门处都割除了，在腹部做了造口，担心自己会感染，我想了解一下，直肠癌手术后如何做好护理呢。,术后护理是非常重要的，需要注意伤口渗血情况，饮食应循序渐进，保持引流通畅，并遵医嘱定时冲洗引流管，长期置尿管者，应每日清洗尿道口，预防尿路感染。
1.0441367583806962,0.8659341484668719,我最近的心情很烦，心里一直都非常不开心，感觉最近一直闷闷不乐，不知道我是不是得了什么抑郁症或是忧郁症，谁能告诉我抑郁症和忧郁症的区别在哪里，我想了解一下。得了这个病该怎么治疗啊？请问该怎么治疗呢？,"抑郁症和忧郁症是两种不同的疾病，抑郁症是躁狂抑郁症的一种发作形式，以情感低落、思维迟缓、以及言语动作减少、迟缓为典型症状。而忧郁症则是一种情感障碍，以悲伤、失落、绝望、无助等情绪为主要表现。两者的症状和表现有所不同。
治疗抑郁症的方法包括药物治疗和心理治疗。药物治疗可以使用抗抑郁药物，坚持服用一段时间以后，再配合心理医生进行心理治疗。进行心理治疗的过程中还是要坚持服药。同时，还可以通过运动、音乐、艺术等方式缓解抑郁症状。如果您感到抑郁症状严重，建议及时就医，寻求专业医生的帮助。"
1.0145547927294485,0.8622092767703579,我结婚两年了，因为一直没有稳定下来，所以一直没打算要孩子，曾经有过三次意外怀孕，都做了，不知道做人流次数过多会不会对身体造成什么伤害？经常做人流会对以后的怀孕有影响吗？人流次数过多会对以后怀孕造成影响吗？,多次的人流会对身体造成一定的损害，包括对子宫的损伤和可能导致输卵管炎症和堵塞，从而影响以后的怀孕。严重的情况下，多次人流可能会导致不孕。因此，建议女性朋友们要注意避免多次人流，保护好自己的身体健康。
0.9641638760573953,0.8429357553865379,病程较长有反复发作史。临床表现多有上呼吸道感染症状，患儿低热或不发热，咳嗽以刺激性干咳为主，不咳时喉部常听到痰鸣音请问喘息性支气管炎怎么治愈才好,喘息性支气管炎的治疗主要是针对病因，如病毒感染，应给予抗病毒治疗；同时也要注意对症治疗，如使用支气管扩张剂、抗过敏药物等，以缓解症状。在日常生活中，应注意保持室内空气清新，避免接触过敏原，保持良好的饮食和作息习惯，增强体质，预防疾病的发生。如果病情严重，应及时就医，听从医生的建议进行治疗。
1.0351816917724517,0.8424543782607063,单位以前的一个老领导前段时间被检查出患了肝癌，平时看着挺健康的，也挺爱运动的，医生建议他住院治疗，想知道这个病的病因。肝癌的致病因素是什么？,肝癌的病因主要有三个方面，分别是长期接触农药等有机氯类物质、微量元素的缺乏或过量摄入以及寄生虫感染。
0.8259084247480435,0.8341227553037107,前段时间被检查出有结肠癌的病症，但是以前我听别人说过这种情况可以使用靶向药物治疗，但是我不知道这些靶向药物都有哪些，所以请问结肠癌的靶向药有哪些？,结肠癌的靶向药物种类很多，主要包括抑制表皮生长因子受体的药物和小分子靶向药物等。但是使用靶向药物治疗结肠癌一定要在医生的指导下进行，避免因为用药不当而造成不必要的意外发生。同时，患者在治疗期间也要注意心态平和，不要有太大的心理压力。
0.9863826258665458,0.8327783961414109,肺癌临终症状都有哪些肺癌晚期临终前症状问题，现在已经晚期了，我们想知道肺癌晚期临终前症状，还请专家详细解答肺癌晚期临终前症状都有哪些,肺癌晚期症状因人而异，但临终前症状和晚期症状相似，包括咳嗽、呼吸困难、吞咽困难、消瘦乏力等。建议采用中医治疗，缓解症状，控制病情，增强免疫力和及时补充身体的维生素等作用。同时，保持一个好的治疗心态。
0.8137383037292945,0.8302420612781515,在外和乙肝患者用餐会传染么？5天前和乙肝患者用餐担心被传染。如果感染有无潜伏期，现在可以去医院检查两对半确定是否感染么？,共用餐具一般不会导致乙肝的传染，但是如果餐具上有感染者的血液或其他体液，就有可能传染乙肝病毒。如果感染了乙肝病毒，一般会有潜伏期，潜伏期的长短因人而异，一般为1-6个月不等。如果您担心自己被感染了乙肝病毒，可以在接触后12周后和半年分别做乙肝五项检查，确定是否被感染。同时，注射乙肝疫苗是有效的预防被感染乙肝的方法。
1.0304825488101592,0.8275757953158666,脸上长了四年的青春痘，现在不长了，但是脸上留下了很多坑坑洼洼的样子，非常的难看，我每次洗脸我自己都感到恶心，感觉和月球表面的情况差不多，我想问一下痘坑该怎么治疗呢？,长期的青春痘会导致脸上留下很多痘坑，治疗痘坑需要促进皮肤再生，填充凹陷的部位。可以使用微针、激光、填充剂等方法。微针可以刺激皮肤再生，填充剂可以填充凹陷的部位，激光可以促进胶原蛋白的生成。此外，选用一些有修护功效的去痘印面霜，早晚涂用，出门前一定要做防晒护理，特别是脸上痘印较深的部位。使用无油补水的护肤品，搭配祛痘印面膜和补水产品一起使用，加强祛印效果，补水也可以加强肌肤代谢。
0.8192179301295428,0.8245704019701158,气血两虚，有哪些症状，舌头上面也具体说下！谢谢,气血两虚的症状主要是以头晕乏力和四肢无力为主的，同时是伴有饮食的不振的，脉象的话也是比较差的，体力也是比较差的。舌苔的话是比较白比较淡的。
1.148303540376991,0.8225698479681341,我以前听力挺好的，最近好几天我的耳朵里面总是有嗡嗡嗡作响的声音，每过半小时左右耳朵里面就耳鸣出现一次，晚上更是严重。造成耳鸣的原因主要有哪些？,根据您的描述，您可能患有耳鸣症状，需要进行相关的检查。引起耳鸣的因素比较多，可能与近期的睡眠休息等因素有关，也可以于外耳道存在耵聍，中耳炎。也有可能是神经性因素。
1.0404053226175747,0.8221852286601959,我小时候脸上就出现了红色的胎记，现在长大了，觉得很难看。想去除掉，请问红色胎记是怎么形成的，有有效的去除方法吗？红色胎记的形成原因和如何有效的去除胎记？,红色胎记是毛细血管瘤中的一种，起初表现为大小不等，形状不规则的一个或数个红色或者粉红色斑片，红斑痣的边界清楚，且不高出皮肤的表面，压之会出现部分或完全退色，表面平滑。随着年龄增长以后，红胎记的颜色也会不断的加深，颜色由鲜红色变成紫色，病灶可增厚呈结节状，终身不消退。红色胎记的形成原因是毛细血管瘤的一种，是由于胎儿期间毛细血管的异常扩张所致。目前，常用的去除方法有激光治疗、手术切除、冷冻疗法等。不同的方法适用于不同类型的红色胎记，需要根据具体情况选择合适的治疗方法。
1.245595623546107,0.8178758076110981,我家大伯上一段时间经常便秘，后来又出现便血，到医院检查是痔疮，后来做了痔疮手术，到现在手术做完20多天了，他觉得他那个伤口还是痛，我想知道痔疮手术20天还是痛该怎么办？,手术后20天还有疼痛可能是术后感染或并发症，建议复诊，可以先服用止痛药缓解症状，注意伤口干燥，保持清洁卫生，注意合理饮食。
1.0347141774032813,0.8166563808460535,我宝宝从上个星期开始发烧，挂了两天盐水，一直高烧不退，当晚因查出是急性支气管肺炎住院了，住了7天，我非常担心他的身体健康，我想知道这种情况应该怎么治疗呢？,宝宝被诊断为急性支气管肺炎，需要抗生素抗感染治疗。在治疗过程中，可以使用药物来缓解症状。如果反复咳嗽，可以使用雾化器来帮助祛痰。在疾病发作期间，应该注意清淡饮食，不要吃辛辣油腻、寒冷和温暖的食物。同时，注意保持健康的饮食习惯。
0.9010442919487109,0.8088851053153671,头发特别的稀疏，而且最近还脱发，我也不知道是怎么了，作息时间都挺正常的，可是就是脱发特别的严重，眼看鬓角都没有头发了，我想做植发手术，不知道植发后需要注意什么事情。,头发稀疏、脱发严重的情况下，可以考虑植发手术。植发后需要注意的事情包括饮食上要少食油腻、辛辣刺激的食物，不要喝酒、吸烟，不要熬夜，睡觉时尽量垫高枕头，避免碰到伤口。术后四到五天可以用温清水洗头，避免过度抠抓创口，术后一个星期内不要做剧烈运动等。
0.7888603816032719,0.8082660820949128,月子里混合喂养，宝宝母乳，奶瓶都吃。出了月子后纯母乳喂了宝宝三个月，现在宝宝不吃奶瓶了，我又快上班了，真是急啊，亲们有什么好方法分享吗？,宝宝不吃奶瓶可能是因为习惯了母乳的味道和温度，需要逐渐让宝宝适应奶瓶的温度和口感。可以尝试让其他人喂宝宝奶瓶，或者尝试不同品牌的奶瓶和奶嘴，找到宝宝喜欢的。同时，可以尝试让宝宝先吸吮奶嘴，再慢慢加入奶瓶，让宝宝逐渐适应。另外，可以尝试在宝宝饿的时候给他喂奶瓶，这样他可能会更容易接受。
1.3777059088176904,0.8040936526353551,你好！孩子发烧2天了老是39度多去医院说病毒性发烧发烧！可能是要出疹给开了点退烧的要和别的要！但回来白天晚上老是39多！烧的太厉害了！很担心该怎么办呢！,建议家长给孩子多喝热水，用稀释后的酒精擦拭额头物理降温。可以服用美林退热，必要时注射安痛定。如果还发烧就需要输液治疗。同时，家长也可以观察孩子是否出现其他症状，如咳嗽、流鼻涕等，以便及时就医。
0.9476049225073906,0.8028148048198054,上火牙疼，牙龈疼，怎样快速解决呢？可以不吃药就能很快解决最好。吃药请问吃什么活着用什么可以很快解决呢？,上火引起的牙龈疼痛，如果不想吃药，只能通过多喝水来缓解。如果想吃药，可以考虑使用人工牛黄甲硝唑或者牛黄解毒片，同时要注意禁忌辛辣食物。
1.0288387210448775,0.794406366225398,下腰痛、尿流滴沥、排尿次数增多。之前去医院查出有前列腺囊肿，医生开的药也吃了，可是没有什么用处。我想知道前列腺囊肿有效的治疗方法哪些好。,前列腺囊肿的治疗方法有药物治疗和引流术治疗。患者在选择治疗方法时应该去有资质的医院进行相应的检查再医治。
1.1128016649432309,0.7939202497892635,上个月感冒了，也没有用药，感冒好了以后就觉得鼻子经常不通畅，鼻子还经常晦气红皮、发痒、而且还会有头晕，一直都以为是上次感冒留下的后遗症，去医院检查，检查结果出来以后说是鼻中隔偏曲。请问如何治疗鼻中隔偏曲？,治疗鼻中隔偏曲的方法有手术和非手术治疗两种，手术治疗是通过手术矫正鼻中隔偏曲，非手术治疗则是通过药物治疗和物理治疗来缓解症状。手术治疗是治疗鼻中隔偏曲的最有效方法，手术后需要注意休息，避免剧烈运动和低头工作，同时也要注意饮食，少吃辛辣食物和不喝酒。手术后两周内鼻涕或痰中出现血水或血块是正常现象，若出现大量出血、发烧、剧烈疼痛时请尽速就医。
1.0853675646100505,0.7868525833285712,宝宝出生才3天出现了黄疸18.6，不知道该怎么办才好。更想知道生理性和病理性的区别及治疗方法！,新生儿黄疸可分为生理性和病理性。生理性黄疸一般在半个月内自行消退，而病理性黄疸需要及时治疗。治疗方法包括照蓝光和药物治疗。建议您带宝宝去医院检查，医生会根据情况给出相应的治疗方案。祝宝宝早日康复。如果还有其他问题，请继续咨询。
1.0071963717014396,0.772828695717393,"我的小孩一直反复发烧不退,怎么办?一直都是在38度2左右!",小孩反复发烧不退，需要了解发热的具体时间和症状，以及是否有其他不适症状，才能更好地判断病因和治疗方案。建议去医院进行检查，可以验个血常规了解一下目前的炎症指标，对症处理。同时可以物理降温，保持室内通风，多喝水，注意休息。如果症状加重或持续时间较长，建议及时就医。
1.0277453721966097,0.7704566288442759,前天去医院复查的时候又做了一次肝功能，医生说我的谷丙转氨酶有一些升高，于是我想知道是什么导致了我的肝功能谷丙转氨酶升高？又该怎么办？,谷丙转氨酶升高的原因有很多，其中最常见的原因是肝脏受到了损害，比如长期酗酒、肝炎等。建议去医院进一步检查，确定具体原因，并采取相应的措施。
0.8474525379404587,0.7679105978726609,结婚有两年了，我妈一直都在催我要个孩子，前几天在医院检查发现我是有生精细胞的无精症这样的疾病可以治好吗？,无精症可以分为梗阻性和非梗阻性，梗阻性无精症是指由于输精管道梗阻而使精子的运输发生障碍而产生的无精症，非梗阻性就是睾丸本身就有障碍。有生精细胞就意味着还有治疗的希望，最好是去正规的医院明确无精症的病因，对症治疗才最有效果。治疗方法包括药物治疗、手术治疗、辅助生殖技术等，具体治疗方法需要根据病因而定。建议该用户去正规医院进行检查，明确病因并接受专业治疗。
0.8651877539860501,0.766745097962249,我母亲是外阴白斑患者，请问用哪种药治疗外阴白斑最有效。我母亲曾经检查和治疗但效果不佳想请您告诉我用哪种药治疗外阴白斑效果最佳,治疗外阴白斑需要综合治疗，包括阻断白斑病变，修复外阴皮损，恢复外阴皮肤组织细胞正常功能，改善其微血管和神经末梢的营养状况，改变局部组织生长环境，促进局部组织的再生，逐渐消除白斑。在治疗过程中要注意养护，治养结合，暂停性生活，同时要保持外阴清洁，不要用市面上的一些洗剂清洗，瘙痒剧烈时可以涂以保护性的软膏，少吃刺激性食物等。具体的药物治疗需要根据医生的建议来选择，不能自行使用药物治疗。建议您带着母亲去医院就诊，由专业医生根据病情为其制定个性化的治疗方案。
1.0469260914891925,0.7624785681123795,经常流鼻血，一遇到冷就会打喷嚏感觉鼻子有些痒有时还会留一下鼻涕呼吸声有点大免疫力有些下降容易感冒这是患了鼻炎吗？如果是那是那种鼻炎呢？那应该怎样有效控制呢？有必要去医院检查吗？有必要吃药吗？,根据您的症状描述，您可能患有鼻炎，但也有可能是血液系统疾病引起的。建议先去医院检查一下血液系统，如果没有问题，可以考虑使用中药玉屏风颗粒治疗鼻炎，增强免疫力，防止反复呼吸道感染。
1.3083467516530498,0.7373231845278756,我这段时间鼻子有红肿，挺厉害的，而且还会痛，吃了药过了几天就好了。但是没几天就又开始疼痛了，反复无常，难受的不行，想要了解一下鼻子红肿疼痛怎么办？,根据症状描述，可能是鼻子发炎或鼻肿胀引起的。建议到医院耳鼻喉科进行详细检查和具体治疗，因为诊断需要与其他疾病相鉴别。平时要保持鼻子局部干燥，尽量是清淡饮食，不要吸烟和喝酒。
0.7740909460660381,0.7356631413105746,我怀孕已经39周了，最近检查出来血糖高，我不知道怎么会发生这样的状况，怀孕期间检查除开这个，我们全家都有点担心会影响胎儿，所以就想问一下这时候会有影响吗？,在怀孕39周的时候出现血糖增高，之前不存在高血糖，对胎儿是没有影响的。因为胎儿马上临产，已经基本成熟，糖尿病对胎儿最主要的影响就是体重增长过快，发育加快等影响。检查出来这个平时不要吃含糖高的食物。
0.8617022828385967,0.7317266256465841,我去年去医院做身体检查的时候，检查出来说我有小三阳，现在我一直都有在吃药，病情也控制的不错，但是过几天我要去国外出个差，我想问一下，小三阳对于出国有影响吗？,小三阳是指乙肝病毒表面抗原（HBsAg）、乙肝病毒e抗原（HBeAg）和乙肝病毒核心抗体（HBcAb）三种抗体中，前两种抗体阳性，后一种抗体阴性的一种状态。小三阳对于出国的影响主要是在签证方面，如果只是出差的话，只要拿到签证就可以了。
0.8137038071559713,0.7300296497081913,下巴和脸颊总是反复长痘，有没什么办法可以下巴和脸颊总是反复长痘，有没什么办法可以祛痘？之前也看过医生做过检查吃过药，可是没用。麻烦医生给我一个可行的办法，谢谢！,下巴和脸颊总是反复长痘，考虑痤疮的可能性比较大。建议平时注意饮食，少吃辛辣刺激食物，少吃甜食，少吃油腻食物，多吃新鲜蔬菜水果，多喝水。尽量不要熬夜，多休息。如果以上方法无效，建议到医院皮肤科就诊，医生会根据病情给出相应的治疗方案。
1.0489662284428904,0.7209474849387152,我母亲昨天吃饭时突然走神似得看着我，然后突然倒在地上，四肢抽搐，口吐白沫，就像癫痫的症状，我慌忙扶她起来，过了有五分钟就好了，送到医院检查为失神性癫痫。失神性癫痫发作的症状是什么？,失神性癫痫是一种常见的癫痫类型，其发作的症状主要表现为突然的意识丧失，患者在发作时会突然停止活动，眼神呆滞，无法与人交流，有时会出现口吐白沫，四肢抽搐等症状。发作时间一般较短，持续几秒钟到几分钟不等，发作后患者会感到疲倦、头痛、恶心等不适症状。
0.7805500464198888,0.7188670570510179,我之前就总是感觉自己心跳特别快，然后我一直都没去医院做过检查，因为也没出现什么别的症状，这两天我就去医院做了一个心脏彩超，大夫说是心动过，想咨询一下关于室上性心动过速？吃什么药？,根据用户的描述，他之前一直感觉心跳特别快，这是属于心律失常引起的心悸症状，而心动过速是心律失常的一种，如果通过检查心电图明确是属于阵发性室上速的话，则考虑是严重的心律失常，需要选择治疗方案，可以口服控制心室率的药物治疗或者进行射频消融术治疗的。
1.0177848338956614,0.7152511391070768,我刚治好龟头炎，但龟头炎比较容易复发，医生说夏天比较容易诱发龟头炎。请问在夏天怎么防治龟头发炎?请问在夏天怎么防治龟头发炎,预防龟头炎复发需要做包皮手术，手术后龟头都露在外面，包皮和龟头上湿热的环境会改善，病菌不容易再滋生了。每天做好个人卫生，每天清洗龟头。袜子和内裤不要一起洗。这些措施都可以降低复发。在夏天，要注意保持龟头干燥，避免穿紧身裤和合成材料的内裤，选择透气性好的棉质内裤，避免过度清洗和使用刺激性的洗涤剂。此外，要避免过度性生活和频繁更换性伴侣，以免感染病菌。如果出现龟头炎的症状，应及时就医治疗，避免病情加重。
1.0308589139972577,0.6966380317076489,我要做痔疮手术，想了解一下痔疮手术并发症有哪些？如何能预防呢？痔疮手术后在饮食上有什么需要注意的呢？,痔疮手术的并发症包括术后出血、感染、排便困难、肛门狭窄等。为了预防这些并发症，术后应该遵循医生的建议，注意休息，避免剧烈运动，保持大便通畅，避免便秘。手术后饮食上需要注意的是要避免辛辣、刺激性食物，多吃清淡易消化的食物，如米粥、面条、蔬菜等，避免饮酒和吸烟，以免影响伤口愈合。
0.5683721511603683,0.6953836202429587,从昨天早上开始，一直到今天我都一直咳嗽不止，吃了很多润喉的药都没有明显的效果，今天下午还在咳嗽，我觉得自己应该是感冒了，想问问可以吃恒制咳喘胶囊吗？,恒制咳喘胶囊的主要功能是益气养阴，温阳化饮，止咳平喘，一般用于气阴两虚，阳虚痰阻所导致的的咳嗽痰喘，胸脘满闷，倦怠乏力等症状。但是，如果您的咳嗽是由感冒引起的，建议您先去医院看医生，根据医生的建议来选择合适的药物治疗。同时，平时注意多喝白开水，少吃辛辣油腻的食物。
0.9641439316742129,0.6889932810230697,从初中起即有鼻炎已有10余年，但是一直没有详细的诊治。发作时整个鼻翼两侧至眼眶周围都会很痛。这次感冒，又引发了严重的鼻炎，目前正在挂水。当地医生说要想确诊需要在此次恢复后，在鼻炎没有发作的时候再进行鼻CT和过敏原测试等详细的诊断，以判断到底是那种鼻炎，再对症下药。但是我担心如果病好了，鼻炎症状没有了，是否还查得出问题吗？想得到怎样的帮助:请问到底在什么时候去确诊鼻炎比较合适？,鼻炎是一种常见的疾病，症状包括鼻塞、流涕、打喷嚏等。鼻炎的确诊需要进行详细的检查，包括鼻窦CT和过敏原测试等。在恢复好后进行鼻窦CT检查是可以检查出来的。一般通过鼻窦CT就是可以诊断出来的，不会因为是恢复好了就看不出来。建议在恢复好后进行检查。
1.0157049600459405,0.6848865809893617,我三天前感冒了，刚开始咳嗽流鼻涕，后来全身无力，吃了几天药，病情没有好转反而加重了，现在非常难受，以前感冒也是这样吃吃药就好了，朋友告诉我，我得的不是感冒而是流感，不知道流感跟感冒吃的药有什么不同。流感吃什么药最好？,根据病人的描述，病情加重，吃药无效，需要进一步检查确诊，对症治疗。流感和感冒都是由病毒引起的呼吸道感染，但是流感病毒的变异速度更快，症状更严重，治疗方法也不同。如果病人确诊为流感，医生会根据病情给予抗病毒药物治疗。但是在确诊之前，不要随便用药，建议到正规医院进行检查确诊，对症治疗。
0.9623038848768874,0.6737410944073227,我的宝宝最近这一段时间经常说牙痛，给他检查了一下出现了蛀牙，孩子在这个时候出现了蛀牙该怎么办？平时应该怎么预防这种蛀牙？,宝宝出现蛀牙需要及时治疗。平时应该注意预防蛀牙，家长应该指导正确的刷牙方式，培养孩子刷牙的兴趣，从小养成良好的口腔卫生习惯。
1.128783816094515,0.6434487068015674,因为胸部小，未婚前就一直有去隆胸的想法，不过担心会影响生育哺乳，一直没做成，而现在孩子也生了，哺乳期也过了，我决定去做假体隆胸手术，想了解一下，术后有可能会出现哪些不良反应呢？,术后可能会出现血肿，需要预防。如果出现巨大血肿、乳房增大、触痛、组织颜色改变等情况，应及时就医。选择正规医院，让专家为您选择正确的隆胸方式，可以减少术后不良反应的发生。
0.8066768366874896,0.6348441060176279,身体比较虚弱，不管是季节的转换还是平常一不小心着凉一下就感冒了，刚开始都不会严重，喝喝感冒冲剂就好了。想问一下，经常性的喝感冒冲剂有什么危害？,经常性的依赖感冒冲剂是不好的习惯，药物有副作用，而且会让身体对药物产生依赖性，导致免疫力下降，反而容易引起更严重的疾病。因此，平时还是以预防为主，多注意锻炼身体，增强免疫力，多喝水，多吃新鲜的水果，保持良好的饮食习惯，避免过度疲劳和情绪波动，这样才能更好地预防感冒。
0.8906756414568333,0.6286529800983048,上星期六刚验血出来，孕酮值才17点几。医生给开的黄体酮胶囊还有维生素E。天天都在吃。这样要吃多久才能正常啊,孕酮是一种在怀孕期间非常重要的激素。孕酮水平过低可能会导致流产或其他并发症。医生开的药物，包括黄体酮胶囊和维生素E，旨在增加孕酮水平并支持妊娠。药物的持续时间取决于个体的情况和医生的评估。重要的是要遵循医生的指示，不要在未经咨询医生的情况下停止药物。
1.4102573564994336,0.6274736768026503,前几天做了人流，要注意些什么？和生孩子坐月子一样么？要坐30天么？做人流后多久可以抱孩子呢，女儿六个月了，很想抱抱她。,建议用户注意休息，避免着凉和受风，多吃营养的饮食，不吃辛辣刺激的和寒凉的食物，洗澡禁止盆浴，下次月经没来之前最好是不要有性生活而且以后要注意使用避孕套的。抱孩子不是劳累的情况下是没有什么问题的。1周后复查的。
0.962679506979345,0.626296534752267,26日做的无痛人流，本月24日同房没有避孕，几次都没有避孕，流产后已经36天没有来月经，会不会怀孕？。会不会怀孕？如果怀孕了，还能做流产了吗？,根据参考答案，人流术后月经恢复不是很规律，所以还需要观察一段时间，再进行检测。同时，建议使用早孕试纸或到医院进行B超检查，以排除怀孕的可能性。此外，根据人流时间和同房时间，怀孕的可能性较小，但仍需注意避孕措施，避免再次怀孕。
0.710679074108187,0.6052976757683085,我最近感觉私处不是很舒服，小便的时候都是会刺痛的难受的，长了很多的疣体，还越来越大了，有难闻的味道，我感觉很害怕就去做了一个细菌检查，结果是得了尖锐湿疣了。,您所描述的症状包括私处不舒服，小便刺痛，疣体增多，有异味，经过细菌检查后被诊断为尖锐湿疣。尖锐湿疣是一种性传播疾病，由人乳头瘤病毒（HPV）感染引起，主要发生在外阴，阴道等部位，严重的还会引起恶性肿瘤。建议及时就医治疗，避免性行为，保持卫生。
1.1780489819313145,0.5957478336837063,这几天不知道怎么回事上厕所的时候总是觉得下面很疼，于是去医院做了身体检查才知道是急性尿道感染，想知道平时的生活中需要注意哪些？,急性尿道感染是由细菌感染引起的，平时需要注意个人卫生，保持外阴部的清洁，避免使用过于刺激性的洗液。同时要注意饮食，避免吃辛辣刺激性的食物，多喝水，保持身体内水分平衡。此外，要避免过度疲劳，保持充足的睡眠，避免长时间坐着不动，多进行身体锻炼，增强身体免疫力。
1.2556965656524124,0.5853612909058469,慢性咽炎有二年，常常反复发作。天气干燥，就会感到呼吸困难，鼻干，咳嗽，睡到半夜也被喉咙痛醒。想得到的帮助：吃什么药才能好,根据您的症状描述，您可能存在慢性咽炎。建议可以使用穿王消炎胶囊和华蟾素进行治疗，或者结合中药治疗调理。祝您早日康复！
0.8190684442079823,0.5713178232999993,左肾上极周围有少量积液2014.11.7号夜晚三点突然腰痛，坚持到八点多去医院检查，医生说可能是肾结石，给我打了止痛针，还是一样的痛，去B超检查，显示左肾上极周围有少量积液，没有看到结石，请问医生，这种情况怎么治疗？,根据病人的描述，左肾上极周围有少量积液，同时出现了腰痛症状，医生怀疑是肾结石，但是B超检查没有发现结石，因此需要进一步诊断。积液可能是由于肾周感染引起的，建议进行血常规和C反应蛋白检查，如果这两个指标升高，说明存在感染，需要进行积极抗感染治疗，至少7天后再复查，直至肾周积液吸收完全。
1.0875236282316028,0.5081397447372967,我是9月22号上一次来的月经，10月11号晚上用早早孕测纸测出两条线一浅一深，12、13号早晚都有测，还是两条，一浅一深，但浅色的那条浅了一点点。是否怀孕？想得到的帮助：我是9月22号上一次来的月经，10月11号晚上用早早孕测纸测出两条线一浅一深，12、13号早晚都有测，还是两条，一浅一深，但浅色的那条浅了一点点。因为离下次月经还有十几天的时间，我想问问是不是怀孕了？要不要去医院抽血确诊一下？现在抽血能验的出来吗？,建议等待13到15天后再测试早孕试纸或者去医院抽血化验，以确诊是否怀孕。
0.8842941855829977,0.5056090593773592,我家宝宝刚满六个月。之前都没生病过，这几天着凉感冒了，本来还好好的，可是晚上忽然发烧，38度，宝宝六个月发烧38度怎么办？,宝宝六个月发烧38度需要及时就医，不要自己给宝宝退烧药，最好按照医生的建议给宝宝退烧。宝宝的免疫力较差，容易出现危险。平时要注意给宝宝多穿衣服，增强宝宝的抵抗力。
0.9798075269163052,0.4871778792853375,嗓子干疼，尤其是吞咽拭感觉疼得厉害，是什么原因，去医院检查说是典型的扁桃体炎，但吃药后疼痛没有减轻，想问问到底是什么病，应该怎么治疗？,根据症状描述，可能是扁桃体炎引起的喉咙疼痛，但是吃药后疼痛没有减轻，可能需要进一步检查确定病因。此外，建议患者注意饮食调理，少吃辛辣油炸食物，多吃清热食物。
0.24592725494403908,0.4559898275030602,您好，我的B超检查结果是，甲状腺体积增大，实质回声减低，不均匀，呈网格样改变，CDFI示液体内血流信号不丰富。双颈部可见多发淋巴结，其形态结构未见异常，CDFI未见异常血流信号。我想知道是什么原因引起的，该怎么治疗。谢谢！,您的B超检查结果显示甲状腺体积增大，实质回声减低，不均匀，呈网格样改变，CDFI示液体内血流信号不丰富，双颈部可见多发淋巴结，其形态结构未见异常，CDFI未见异常血流信号。考虑为甲状腺炎，建议再进一步查甲状腺功能。甲功如果正常，可先不处理，定期复查就可。甲状腺炎是一种自身免疫性疾病，常见的类型有慢性淋巴细胞性甲状腺炎和桥本甲状腺炎。甲状腺炎的病因与碘摄入过量、放射等有关。治疗方面，需要根据具体情况进行，建议您到医院就诊，由专业医生进行诊断和治疗。
0.987529474616964,0.4294916330061983,患牛皮癣近二十年，全身有。曾经治疗情况和效果:曾到多处医院治疗，未愈。想得到怎样的帮助:我希望用泽漆治疗牛皮癣，请问泽漆是否有毒，可以涂皮肤吗，是否有危险呢？谢谢您！您通知我后，我会和您联系的！,泽漆是一种中药，可以用于治疗牛皮癣。但是需要注意用量和使用时间，不宜过量或长期使用。泽漆可以外用，适量涂抹在患处即可。
0.3133803147841269,0.3954300857075204,我去年刚流完，不知怎么回事，前几天洗澡的时候发现下面有几个硬块，我在这想问问，药物流产干净5天后又出血了怎么办？,用户提到药物流产干净5天后又出血了，并且下面有几个硬块，这可能是药物流产后的并发症。建议尽快去医院进行检查，以便及时发现问题并进行治疗。
0.5038791472559558,0.3916012656546904,7个月大的婴儿，这几天一直轻微咳嗽并伴随37.5度左右的发烧，今天开始咳的厉害点，体温没太大变化。医生用听诊器检查的结果是急性支气管炎，拿了点药，但是另外一名医生建议住院输液。。有服用退烧和治咳嗽的药，效果有，但是不是很明显。如果真的是急性支气管炎，有没有什么口服药比较管用？是不是必须得输液才能治疗？输液对孩子的免疫有没有影响,对于7个月大的婴儿，出现轻微咳嗽并伴随37.5度左右的发烧，医生用听诊器检查的结果是急性支气管炎，但是另外一名医生建议住院输液。根据病史情况描述，考虑宝宝可能是病毒感染所致的毛细支气管炎。这种情况下宝宝会咳嗽比较明显，而且夜间咳嗽明显，喉咙里可能会有点呼呼的声音，感觉有痰一样。对于这种疾病的话除了口服药物之外可以考虑做点雾化吸入治疗，对于住院治疗的话倒是没有必要。
0.9667508909328503,0.3553184538220545,我记得原来的时候我那方面还是可以的，虽然时间不是太长但是还可以有十几二十分钟，但是现在不知道怎么了，每次和女朋友性生活的时候就会阳痿早泄，不知道会不会自愈。想得到怎样的帮助:阳痿早泄会自愈吗？不治疗对身体有伤害吗？,阳痿早泄需要及时治疗，自愈的可能性很小，不治疗对身体也是有害的。建议你尽快去正规的男科医院就诊，接受专业的治疗。
